player_id,team_id,jersey_no,player_name,posi_to_play,dt_of_bir,age,playing_club
160001,1201,1,Etrit Berisha,GK,3/10/89,27,Lazio
160008,1201,2,Andi Lila,DF,2/12/86,30,Giannina
160016,1201,3,Ermir Lenjani,MF,8/5/89,26,Nantes
160007,1201,4,Elseid Hysaj,DF,2/20/94,22,Napoli
160013,1201,5,Lorik Cana,MF,7/27/83,32,Nantes
160010,1201,6,Frederic Veseli,DF,11/20/92,23,Lugano
160004,1201,7,Ansi Agolli,DF,10/11/82,33,Qarabag
160012,1201,8,Migjen Basha,MF,1/5/87,29,Como
160017,1201,9,Ledian Memushaj,MF,12/17/86,29,Pescara
160023,1201,10,Armando Sadiku,FD,5/27/91,25,Vaduz
160022,1201,11,Shkelzen Gashi,FD,7/15/88,27,Colorado
160003,1201,12,Orges Shehi,GK,9/25/77,38,Skenderbeu
160015,1201,13,Burim Kukeli,MF,1/16/84,32,Zurich
160019,1201,14,Taulant Xhaka,MF,3/28/91,25,Basel
160009,1201,15,Mergim Mavraj,DF,6/9/86,30,Koln
160021,1201,16,Sokol Cikalleshi,FD,7/27/90,25,Istanbul Basaksehir
160006,1201,17,Naser Aliji,DF,12/27/93,22,Basel
160005,1201,18,Arlind Ajeti,DF,9/25/93,22,Frosinone
160020,1201,19,Bekim Balaj,FD,1/11/91,25,Rijeka
160014,1201,20,Ergys Kace,MF,7/8/93,22,PAOK
160018,1201,21,Odise Roshi,MF,5/22/91,25,Rijeka
160011,1201,22,Amir Abrashi,MF,3/27/90,26,Freiburg
160002,1201,23,Alban Hoxha,GK,11/23/87,28,Partizani
160024,1202,1,Robert Almer,GK,3/20/84,32,Austria Wien
160036,1202,2,Gyorgy Garics,MF,3/8/84,32,Darmstadt
160027,1202,3,Aleksandar Dragovic,DF,3/6/91,25,Dynamo Kyiv
160029,1202,4,Martin Hinteregger,DF,9/7/92,23,Monchengladbach
160028,1202,5,Christian Fuchs,DF,4/7/86,30,Leicester
160038,1202,6,Stefan Ilsanker,MF,5/18/89,27,Leipzig
160043,1202,7,Marko Arnautovic,FD,4/19/89,27,Stoke
160034,1202,8,David Alaba,MF,6/24/92,23,Bayern
160046,1202,9,Rubin Okotie,FD,6/6/87,29,1860 Munchen
160040,1202,10,Zlatko Junuzovic,MF,9/26/87,28,Bremen
160037,1202,11,Martin Harnik,MF,6/10/87,29,Stuttgart
160025,1202,12,Heinz Lindner,GK,7/17/90,25,Frankfurt
160032,1202,13,Markus Suttner,DF,4/16/87,29,Ingolstadt
160035,1202,14,Julian Baumgartlinger,MF,1/2/88,28,Mainz
160031,1202,15,Sebastian Prodl,DF,6/21/87,28,Watford
160033,1202,16,Kevin Wimmer,DF,11/15/92,23,Tottenham
160030,1202,17,Florian Klein,DF,11/17/86,29,Stuttgart
160042,1202,18,Alessandro Schopf,MF,2/7/94,22,Schalke
160044,1202,19,Lukas Hinterseer,FD,3/28/91,25,Ingolstadt
160041,1202,20,Marcel Sabitzer,MF,3/17/94,22,Leipzig
160045,1202,21,Marc Janko,FD,6/25/83,32,Basel
160039,1202,22,Jakob Jantscher,MF,1/8/89,27,Luzern
160026,1202,23,Ramazan Ozcan,GK,6/28/84,31,Ingolstadt
160047,1203,1,Thibaut Courtois,GK,5/11/92,24,Chelsea
160050,1203,2,Toby Alderweireld,DF,3/2/89,27,Tottenham
160056,1203,3,Thomas Vermaelen,DF,11/14/85,30,Barcelona
160063,1203,4,Radja Nainggolan,MF,5/4/88,28,Roma
160057,1203,5,Jan Vertonghen,DF,4/24/87,29,Tottenham
160064,1203,6,Axel Witsel,MF,1/12/89,27,Zenit
160059,1203,7,Kevin De Bruyne,MF,6/28/91,24,Man. City
160061,1203,8,Marouane Fellaini,MF,11/22/87,28,Man. United
160067,1203,9,Romelu Lukaku,FD,5/13/93,23,Everton
160062,1203,10,Eden Hazard,MF,1/7/91,25,Chelsea
160058,1203,11,Yannick Carrasco,MF,9/4/93,22,Atletico
160049,1203,12,Simon Mignolet,GK,8/6/88,27,Liverpool
160048,1203,13,Jean-Francois Gillet,GK,5/31/79,37,Mechelen
160068,1203,14,Dries Mertens,FD,5/6/87,29,Napoli
160052,1203,15,Jason Denayer,DF,6/28/95,20,Galatasaray
160055,1203,16,Thomas Meunier,DF,9/12/91,24,Club Brugge
160069,1203,17,Divock Origi,FD,4/18/95,21,Liverpool
160053,1203,18,Christian Kabasele,DF,2/24/91,25,Genk
160060,1203,19,Mousa Dembele,MF,7/16/87,28,Tottenham
160066,1203,20,Christian Benteke,FD,12/3/90,25,Liverpool
160054,1203,21,Jordan Lukaku,DF,7/25/94,21,Oostende
160065,1203,22,Michy Batshuayi,FD,10/2/93,22,Marseille
160051,1203,23,Laurent Ciman,DF,8/5/85,30,Montreal
160072,1204,1,Ivan Vargic,GK,3/15/87,29,Rijeka
160079,1204,2,Sime Vrsaljko,DF,1/10/92,24,Sassuolo
160077,1204,3,Ivan Strinic,DF,7/17/87,28,Napoli
160085,1204,4,Ivan PeriSic,MF,2/2/89,27,Internazionale
160073,1204,5,Vedran Corluka,DF,2/5/86,30,Lokomotiv Moskva
160074,1204,6,Tin Jedvaj,DF,11/28/95,20,Leverkusen
160086,1204,7,Ivan Rakitic,MF,3/10/88,28,Barcelona
160083,1204,8,Mateo Kovacic,MF,5/6/94,22,Real Madrid
160090,1204,9,Andrej Kramaric,FD,6/19/91,24,Hoffenheim
160084,1204,10,Luka Modric,MF,9/9/85,30,Real Madrid
160076,1204,11,Darijo Srna,DF,5/1/82,34,Shakhtar Donetsk
160070,1204,12,Lovre Kalinic,GK,4/3/90,26,Hajduk Split
160075,1204,13,Gordon Schildenfeld,DF,3/18/85,31,Dinamo Zagreb
160081,1204,14,Marcelo Brozovic,MF,11/16/92,23,Internazionale
160087,1204,15,Marko Rog,MF,7/19/95,20,Dinamo Zagreb
160089,1204,16,Nikola Kalinic,FD,1/5/88,28,Fiorentina
160091,1204,17,Mario Mandzukic,FD,5/21/86,30,Juventus
160082,1204,18,Ante Coric,MF,4/14/97,19,Dinamo Zagreb
160080,1204,19,Milan Badelj,MF,2/25/89,27,Fiorentina
160092,1204,20,Marko Pjaca,FD,5/6/95,21,Dinamo Zagreb
160078,1204,21,Domagoj Vida,DF,4/29/89,27,Dynamo Kyiv
160088,1204,22,Duje Cop,FD,2/1/90,26,Malaga
160071,1204,23,Danijel SubaSic,GK,10/27/84,31,Monaco
160093,1205,1,Petr Cech,GK,5/20/82,34,Arsenal
160098,1205,2,Pavel Kaderabek,DF,4/25/92,24,Hoffenheim
160099,1205,3,Michal Kadlec,DF,12/13/84,31,Fenerbahce
160096,1205,4,Theodor Gebre Selassie,DF,12/24/86,29,Bremen
160097,1205,5,Roman Hubnik,DF,6/6/84,32,Plzen
160101,1205,6,TomasSivok,DF,9/15/83,32,Bursaspor
160114,1205,7,TomasNecid,FD,8/13/89,26,Bursaspor
160100,1205,8,David Limbersky,DF,10/6/83,32,Plzen
160104,1205,9,Borek Dockal,MF,9/30/88,27,Sparta Praha
160110,1205,10,TomasRosicky,MF,10/4/80,35,Arsenal
160109,1205,11,Daniel Pudil,MF,9/27/85,30,Sheff. Wednesday
160115,1205,12,Milan Skoda,FD,1/16/86,30,Slavia Praha
160108,1205,13,Jaroslav PlaSil,MF,1/5/82,34,Bordeaux
160105,1205,14,Daniel Kolar,MF,10/27/85,30,Plzen
160107,1205,15,David Pavelka,MF,5/18/91,25,Kasimpasa
160095,1205,16,TomasVaclik,GK,3/29/89,27,Basel
160102,1205,17,Marek Suchy,DF,3/29/88,28,Basel
160112,1205,18,Josef Sural,MF,5/30/90,26,Sparta Praha
160106,1205,19,Ladislav Krejci,MF,7/5/92,23,Sparta Praha
160111,1205,20,Jiri Skalak,MF,3/12/92,24,Brighton
160113,1205,21,David Lafata,FD,9/18/81,34,Sparta Praha
160103,1205,22,Vladimir Darida,MF,8/8/90,25,Hertha
160094,1205,23,TomasKoubek,GK,8/26/92,23,Liberec
160117,1206,1,Joe Hart,GK,4/19/87,29,Man. City
160125,1206,2,Kyle Walker,DF,5/28/90,26,Tottenham
160122,1206,3,Danny Rose,DF,7/2/90,25,Tottenham
160131,1206,4,James Milner,MF,1/4/86,30,Liverpool
160120,1206,5,Gary Cahill,DF,12/19/85,30,Chelsea
160123,1206,6,Chris Smalling,DF,11/22/89,26,Man. United
160132,1206,7,Raheem Sterling,MF,12/8/94,21,Man. City
160130,1206,8,Adam Lallana,MF,5/10/88,28,Liverpool
160134,1206,9,Harry Kane,FD,7/28/93,22,Tottenham
160136,1206,10,Wayne Rooney,FD,10/24/85,30,Man. United
160138,1206,11,Jamie Vardy,FD,1/11/87,29,Leicester
160121,1206,12,Nathaniel Clyne,DF,4/5/91,25,Liverpool
160116,1206,13,Fraser Forster,GK,3/17/88,28,Southampton
160129,1206,14,Jordan Henderson,MF,6/17/90,26,Liverpool
160137,1206,15,Daniel Sturridge,FD,9/1/89,26,Liverpool
160124,1206,16,John Stones,DF,5/28/94,22,Everton
160128,1206,17,Eric Dier,MF,1/15/94,22,Tottenham
160133,1206,18,Jack Wilshere,MF,1/1/92,24,Arsenal
160127,1206,19,Ross Barkley,MF,12/5/93,22,Everton
160126,1206,20,Dele Alli,MF,4/11/96,20,Tottenham
160119,1206,21,Ryan Bertrand,DF,8/5/89,26,Southampton
160135,1206,22,Marcus Rashford,FD,10/31/97,18,Man. United
160118,1206,23,Tom Heaton,GK,4/15/86,30,Burnley
160140,1207,1,Hugo Lloris,GK,12/26/86,29,Tottenham
160144,1207,2,Christophe Jallet,DF,10/31/83,32,Lyon
160143,1207,3,Patrice Evra,DF,5/15/81,35,Juventus
160147,1207,4,Adil Rami,DF,12/27/85,30,Sevilla
160152,1207,5,NGolo Kante,MF,3/29/91,25,Leicester
160150,1207,6,Yohan Cabaye,MF,1/14/86,30,Crystal Palace
160160,1207,7,Antoine Griezmann,FD,3/21/91,25,Atletico
160154,1207,8,Dimitri Payet,MF,3/29/87,29,West Ham
160159,1207,9,Olivier Giroud,FD,9/30/86,29,Arsenal
160158,1207,10,Andre-Pierre Gignac,FD,12/5/85,30,Tigres
160161,1207,11,Anthony Martial,FD,12/5/95,20,Man. United
160156,1207,12,Morgan Schneiderlin,MF,11/8/89,26,Man. United
160146,1207,13,Eliaquim Mangala,DF,2/13/91,25,Man. City
160153,1207,14,Blaise Matuidi,MF,4/9/87,29,Paris
160155,1207,15,Paul Pogba,MF,3/15/93,23,Juventus
160141,1207,16,Steve Mandanda,GK,3/28/85,31,Marseille
160142,1207,17,Lucas Digne,DF,7/20/93,22,Roma
160157,1207,18,Moussa Sissoko,MF,8/16/89,26,Newcastle
160148,1207,19,Bacary Sagna,DF,2/14/83,33,Man. City
160151,1207,20,Kingsley Coman,MF,6/13/96,20,Bayern
160145,1207,21,Laurent Koscielny,DF,9/10/85,30,Arsenal
160149,1207,22,Samuel Umtiti,DF,11/14/93,22,Lyon
160139,1207,23,Benoit Costil,GK,7/3/87,28,Rennes
160163,1208,1,Manuel Neuer,GK,3/27/86,30,Bayern
160170,1208,2,Shkodran Mustafi,DF,4/17/92,24,Valencia
160166,1208,3,Jonas Hector,DF,5/27/90,26,Koln
160167,1208,4,Benedikt Howedes,DF,2/29/88,28,Schalke
160168,1208,5,Mats Hummels,DF,12/16/88,27,Dortmund
160175,1208,6,Sami Khedira,MF,4/4/87,29,Juventus
160180,1208,7,Bastian Schweinsteiger,MF,8/1/84,31,Man. United
160177,1208,8,Mesut ozil,MF,10/15/88,27,Arsenal
160179,1208,9,Andre Schurrle,MF,11/6/90,25,Wolfsburg
160184,1208,10,Lukas Podolski,FD,6/4/85,31,Galatasaray
160173,1208,11,Julian Draxler,MF,9/20/93,22,Wolfsburg
160162,1208,12,Bernd Leno,GK,3/4/92,24,Leverkusen
160183,1208,13,Thomas Muller,FD,9/13/89,26,Bayern
160172,1208,14,Emre Can,MF,1/12/94,22,Liverpool
160181,1208,15,Julian Weigl,MF,9/8/95,20,Dortmund
160171,1208,16,Jonathan Tah,DF,2/11/96,20,Leverkusen
160165,1208,17,Jerome Boateng,DF,9/3/88,27,Bayern
160176,1208,18,Toni Kroos,MF,1/4/90,26,Real Madrid
160174,1208,19,Mario Gotze,MF,6/3/92,24,Bayern
160178,1208,20,Leroy Sane,MF,1/11/96,20,Schalke
160169,1208,21,Joshua Kimmich,DF,2/8/95,21,Bayern
160164,1208,22,Marc-Andre ter Stegen,GK,4/30/92,24,Barcelona
160182,1208,23,Mario Gomez,FD,7/10/85,30,Besiktas
160187,1209,1,Gabor Kiraly,GK,4/1/76,40,Haladas
160194,1209,2,Adam Lang,DF,1/17/93,23,Videoton
160193,1209,3,Mihaly Korhut,DF,12/1/88,27,Debrecen
160192,1209,4,Tamas Kadar,DF,3/14/90,26,Lech
160189,1209,5,Attila Fiola,DF,2/17/90,26,Puskas Akademia
160196,1209,6,Akos Elek,MF,7/21/88,27,Diosgyor
160202,1209,7,Balazs Dzsudzsak,FD,12/23/86,29,Bursaspor
160199,1209,8,Adam Nagy,MF,6/17/95,21,Ferencvaros
160207,1209,9,Adam Szalai,FD,12/9/87,28,Hannover
160203,1209,10,Zoltan Gera,FD,4/22/79,37,Ferencvaros
160204,1209,11,Krisztian Nemeth,FD,1/5/89,27,Al-Gharafa
160185,1209,12,Denes Dibusz,GK,11/16/90,25,Ferencvaros
160201,1209,13,Daniel Bode,FD,10/24/86,29,Ferencvaros
160198,1209,14,Gergo Lovrencsics,MF,9/1/88,27,Lech
160197,1209,15,Laszlo Kleinheisler,MF,4/8/94,22,Bremen
160195,1209,16,adam Pinter,DF,6/12/88,28,Ferencvaros
160205,1209,17,Nemanja Nikolic,FD,12/31/87,28,Legia
160200,1209,18,Zoltan Stieber,MF,10/16/88,27,Nurnberg
160206,1209,19,Tamas Priskin,FD,9/27/86,29,Slovan Bratislava
160190,1209,20,Richard Guzmics,DF,4/16/87,29,Wisla
160188,1209,21,Barnabas Bese,DF,5/6/94,22,MTK
160186,1209,22,Peter Gulacsi,GK,5/6/90,26,Leipzig
160191,1209,23,Roland Juhasz,DF,7/1/83,32,Videoton
160208,1210,1,Hannes Halldorsson,GK,4/27/84,32,Bodo/Glimt
160216,1210,2,Birkir Saevarsson,DF,11/11/84,31,Hammarby
160212,1210,3,Haukur Heidar Hauksson,DF,9/1/91,24,AIK
160213,1210,4,Hjortur Hermannsson,DF,2/8/95,21,Goteborg
160214,1210,5,Sverrir Ingason,DF,8/5/93,22,Lokeren
160217,1210,6,Ragnar Sigurdsson,DF,6/19/86,29,Krasnodar
160229,1210,7,Johann Gudmundsson,FD,10/27/90,25,Charlton
160221,1210,8,Birkir Bjarnason,MF,5/27/88,28,Basel
160230,1210,9,Kolbeinn Sigthorsson,FD,3/14/90,26,Nantes
160224,1210,10,Gylfi Sigurdsson,MF,9/8/89,26,Swansea
160227,1210,11,Alfred Finnbogason,FD,2/1/89,27,Augsburg
160210,1210,12,Ogmundur Kristinsson,GK,6/19/89,26,Hammarby
160209,1210,13,Ingvar Jonsson,GK,10/18/89,26,Sandefjord
160220,1210,14,Kari Arnason,MF,10/13/82,33,Malmo
160226,1210,15,Jon Dadi Bodvarsson,FD,5/25/92,24,Kaiserslautern
160225,1210,16,Runar Mar Sigurjonsson,MF,6/18/90,26,Sundsvall
160222,1210,17,Aron Gunnarsson,MF,4/22/89,27,Cardiff
160211,1210,18,Elmar Bjarnason,DF,3/4/87,29,AGF
160215,1210,19,Hordur Magnusson,DF,2/11/93,23,Cesena
160223,1210,20,Emil Hallfredsson,MF,6/29/84,31,Udinese
160219,1210,21,Arnor Ingvi Traustason,DF,4/30/93,23,Norrkoping
160228,1210,22,Eidur Gudjohnsen,FD,9/15/78,37,Molde
160218,1210,23,Ari Skulason,DF,5/14/87,29,OB
160231,1211,1,Gianluigi Buffon,GK,1/28/78,38,Juventus
160238,1211,2,Mattia De Sciglio,DF,10/20/92,23,Milan
160236,1211,3,Giorgio Chiellini,DF,8/14/84,31,Juventus
160237,1211,4,Matteo Darmian,DF,12/2/89,26,Man. United
160239,1211,5,Angelo Ogbonna,DF,5/23/88,28,West Ham
160241,1211,6,Antonio Candreva,MF,2/28/87,29,Lazio
160253,1211,7,Simone Zaza,FD,6/25/91,24,Juventus
160243,1211,8,Alessandro Florenzi,MF,3/11/91,25,Roma
160252,1211,9,Graziano Pelle,FD,7/15/85,30,Southampton
160245,1211,10,Thiago Motta,MF,8/28/82,33,Paris
160250,1211,11,Ciro Immobile,FD,2/20/90,26,Torino
160233,1211,12,Salvatore Sirigu,GK,1/12/87,29,Paris
160232,1211,13,Federico Marchetti,GK,2/7/83,33,Lazio
160247,1211,14,Stefano Sturaro,MF,3/9/93,23,Juventus
160234,1211,15,Andrea Barzagli,DF,5/8/81,35,Juventus
160242,1211,16,Daniele De Rossi,MF,7/24/83,32,Roma
160248,1211,17,Eder,FD,11/15/86,29,Internazionale
160246,1211,18,Marco Parolo,MF,1/25/85,31,Lazio
160235,1211,19,Leonardo Bonucci,DF,5/1/87,29,Juventus
160251,1211,20,Lorenzo Insigne,FD,6/4/91,25,Napoli
160240,1211,21,Federico Bernardeschi,MF,2/16/94,22,Fiorentina
160249,1211,22,Stephan El Shaarawy,FD,10/27/92,23,Roma
160244,1211,23,Emanuele Giaccherini,MF,5/5/85,31,Bologna
160256,1212,1,Michael McGovern,GK,7/12/84,31,Hamilton
160264,1212,2,Conor McLaughlin,DF,7/26/91,24,Fleetwood
160269,1212,3,Shane Ferguson,MF,7/12/91,24,Millwall
160262,1212,4,Gareth McAuley,DF,12/5/79,36,West Brom
160259,1212,5,Jonny Evans,DF,1/3/88,28,West Brom
160257,1212,6,Chris Baird,DF,2/25/82,34,Fulham
160275,1212,7,Niall McGinn,FD,7/20/87,28,Aberdeen
160267,1212,8,Steven Davis,MF,1/1/85,31,Southampton
160273,1212,9,Will Grigg,FD,7/3/91,24,Wigan
160274,1212,10,Kyle Lafferty,FD,9/16/87,28,Birmingham
160276,1212,11,Conor Washington,FD,5/18/92,24,QPR
160254,1212,12,Roy Carroll,GK,9/30/77,38,Notts County
160268,1212,13,Corry Evans,MF,7/30/90,25,Blackburn
160266,1212,14,Stuart Dallas,MF,4/19/91,25,Leeds
160263,1212,15,Luke McCullough,DF,2/15/94,22,Doncaster
160271,1212,16,Oliver Norwood,MF,4/12/91,25,Reading
160265,1212,17,Paddy McNair,DF,4/27/95,21,Man. United
160261,1212,18,Aaron Hughes,DF,11/8/79,36,Melbourne City
160272,1212,19,Jamie Ward,MF,5/12/86,30,Nottm Forest
160258,1212,20,Craig Cathcart,DF,2/6/89,27,Watford
160270,1212,21,Josh Magennis,MF,8/15/90,25,Kilmarnock
160260,1212,22,Lee Hodson,DF,10/2/91,24,MK Dons
160255,1212,23,Alan Mannus,GK,5/19/82,34,St Johnstone
160279,1213,1,Wojciech Szczesny,GK,4/18/90,26,Roma
160283,1213,2,Michal Pazdan,DF,9/21/87,28,Legia
160282,1213,3,Artur Jedrzejczyk,DF,11/4/87,28,Legia
160280,1213,4,Thiago Cionek,DF,4/21/86,30,Palermo
160293,1213,5,Krzysztof Maczynski,MF,5/23/87,29,Wisla
160289,1213,6,Tomasz Jodlowiec,MF,9/8/85,30,Legia
160298,1213,7,Arkadiusz Milik,FD,2/28/94,22,Ajax
160292,1213,8,Karol Linetty,MF,2/2/95,21,Lech
160297,1213,9,Robert Lewandowski,FD,8/21/88,27,Bayern
160291,1213,10,Grzegorz Krychowiak,MF,1/29/90,26,Sevilla
160288,1213,11,Kamil Grosicki,MF,6/8/88,28,Rennes
160277,1213,12,Artur Boruc,GK,2/20/80,36,Bournemouth
160299,1213,13,Mariusz Stepinski,FD,5/12/95,21,Ruch
160286,1213,14,Jakub Wawrzyniak,DF,7/7/83,32,Lechia
160281,1213,15,Kamil Glik,DF,2/3/88,28,Torino
160287,1213,16,Jakub Blaszczykowski,MF,12/14/85,30,Fiorentina
160294,1213,17,Slawomir Peszko,MF,2/19/85,31,Lechia
160285,1213,18,Bartosz Salamon,DF,5/1/91,25,Cagliari
160296,1213,19,Piotr Zielinski,MF,5/20/94,22,Empoli
160284,1213,20,Lukasz Piszczek,DF,6/3/85,31,Dortmund
160290,1213,21,Bartosz Kapustka,MF,12/23/96,19,
160278,1213,22,Lukasz Fabianski,GK,4/18/85,31,Swansea
160295,1213,23,Filip Starzynski,MF,5/27/91,25,Zaglebie
160302,1214,1,Rui Patricio,GK,2/15/88,28,Sporting CP
160303,1214,2,Bruno Alves,DF,11/27/81,34,Fenerbahce
160307,1214,3,Pepe,DF,2/26/83,33,Real Madrid
160306,1214,4,Jose Fonte,DF,12/22/83,32,Southampton
160308,1214,5,Raphael Guerreiro,DF,12/22/93,22,Lorient
160309,1214,6,Ricardo Carvalho,DF,5/18/78,38,Monaco
160322,1214,7,Cristiano Ronaldo,FD,2/5/85,31,Real Madrid
160314,1214,8,Joao Moutinho,MF,9/8/86,29,Monaco
160319,1214,9,Eder,FD,12/22/87,28,LOSC
160313,1214,10,Joao Mario,MF,1/19/93,23,Sporting CP
160317,1214,11,Vieirinha,MF,1/24/86,30,Wolfsburg
160301,1214,12,Anthony Lopes,GK,10/1/90,25,Lyon
160312,1214,13,Danilo,MF,9/9/91,24,Porto
160318,1214,14,William Carvalho,MF,4/7/92,24,Sporting CP
160311,1214,15,Andre Gomes,MF,7/30/93,22,Valencia
160316,1214,16,Renato Sanches,MF,8/18/97,18,Benfica
160320,1214,17,Nani,FD,11/17/86,29,Fenerbahce
160315,1214,18,Rafa Silva,MF,5/17/93,23,Braga
160305,1214,19,Eliseu,DF,10/1/83,32,Benfica
160321,1214,20,Ricardo Quaresma,FD,9/26/83,32,Besiktas
160304,1214,21,Cedric,DF,8/31/91,24,Southampton
160300,1214,22,Eduardo,GK,9/19/82,33,Dinamo Zagreb
160310,1214,23,Adrien Silva,MF,3/15/89,27,Sporting CP
160325,1215,1,Keiren Westwood,GK,10/23/84,31,Sheff. Wednesday
160328,1215,2,Seamus Coleman,DF,10/11/88,27,Everton
160327,1215,3,Ciaran Clark,DF,9/26/89,26,Aston Villa
160331,1215,4,John OShea,DF,4/30/81,35,Sunderland
160330,1215,5,Richard Keogh,DF,8/11/86,29,Derby
160341,1215,6,Glenn Whelan,MF,1/13/84,32,Stoke
160338,1215,7,Aiden McGeady,MF,4/4/86,30,Sheff. Wednesday
160336,1215,8,James McCarthy,MF,11/12/90,25,Everton
160343,1215,9,Shane Long,FD,1/22/87,29,Southampton
160342,1215,10,Robbie Keane,FD,7/8/80,35,LA Galaxy
160337,1215,11,James McClean,MF,4/22/89,27,West Brom
160329,1215,12,Shane Duffy,DF,1/1/92,24,Blackburn
160334,1215,13,Jeff Hendrick,MF,1/31/92,24,Derby
160345,1215,14,Jon Walters,FD,9/20/83,32,Stoke
160326,1215,15,Cyrus Christie,DF,9/30/92,23,Derby
160323,1215,16,Shay Given,GK,4/20/76,40,Stoke
160332,1215,17,Stephen Ward,DF,8/20/85,30,Burnley
160339,1215,18,David Meyler,MF,5/29/89,27,Hull
160333,1215,19,Robbie Brady,MF,1/14/92,24,Norwich
160335,1215,20,Wes Hoolahan,MF,5/20/82,34,Norwich
160344,1215,21,Daryl Murphy,FD,3/15/83,33,Ipswich
160340,1215,22,Stephen Quinn,MF,4/1/86,30,Reading
160324,1215,23,Darren Randolph,GK,5/12/87,29,West Ham
160347,1216,1,Costel Pantilimon,GK,2/1/87,29,Watford
160353,1216,2,Alexandru Matel,DF,10/17/89,26,Dinamo Zagreb
160355,1216,3,Razvan Rat,DF,5/26/81,35,Rayo Vallecano
160354,1216,4,Cosmin Moti,DF,12/3/84,31,Ludogorets
160358,1216,5,Ovidiu Hoban,MF,12/27/82,33,H. Beer-Sheva
160349,1216,6,Vlad Chiriches,DF,11/14/89,26,Napoli
160357,1216,7,Alexandru Chipciu,MF,5/18/89,27,Steaua
160359,1216,8,Mihai Pintilii,MF,11/9/84,31,Steaua
160365,1216,9,Denis Alibec,FD,1/5/91,25,Astra
160363,1216,10,Nicolae Stanciu,MF,5/7/93,23,Steaua
160364,1216,11,Gabriel Torje,MF,11/22/89,26,Osmanlispor
160348,1216,12,Ciprian Tatarusanu,GK,2/9/86,30,Fiorentina
160367,1216,13,Claudiu Keeru,FD,12/2/86,29,Ludogorets
160366,1216,14,Florin Andone,FD,4/11/93,23,Cordoba
160351,1216,15,Valerica Gaman,DF,2/25/89,27,Astra
160350,1216,16,Steliano Filip,DF,5/15/94,22,Dinamo Bucuresti
160362,1216,17,Lucian Sanmartean,MF,3/13/80,36,Al-Ittihad
160361,1216,18,Andrei Prepelita,MF,12/8/85,30,Ludogorets
160368,1216,19,Bogdan Stancu,FD,6/28/87,28,Genclerbirligi
160360,1216,20,Adrian Popa,MF,7/24/88,27,Steaua
160352,1216,21,Dragos Grigore,DF,9/7/86,29,Al-Sailiya
160356,1216,22,Cristian Sapunaru,DF,4/5/84,32,Pandurii
160346,1216,23,Silviu Lung,GK,6/4/89,27,Astra
160369,1217,1,Igor Akinfeev,GK,4/8/86,30,CSKA Moskva
160378,1217,2,Roman Shishkin,DF,1/27/87,29,Lokomotiv Moskva
160379,1217,3,Igor Smolnikov,DF,8/8/88,27,Zenit
160374,1217,4,Sergei Ignashevich,DF,7/14/79,36,CSKA Moskva
160376,1217,5,Roman Neustadter,DF,2/18/88,28,Schalke
160372,1217,6,Aleksei Berezutski,DF,6/20/82,33,CSKA Moskva
160388,1217,7,Artur Yusupov,MF,9/1/89,26,Zenit
160380,1217,8,Denis Glushakov,MF,1/27/87,29,Spartak Moskva
160390,1217,9,Aleksandr Kokorin,FD,3/19/91,25,Zenit
160391,1217,10,Fedor Smolov,FD,2/9/90,26,Krasnodar
160383,1217,11,Pavel Mamaev,MF,9/17/88,27,Krasnodar
160371,1217,12,Yuri Lodygin,GK,5/26/90,26,Zenit
160381,1217,13,Aleksandr Golovin,MF,5/30/96,20,CSKA Moskva
160373,1217,14,Vasili Berezutski,DF,6/20/82,33,CSKA Moskva
160386,1217,15,Roman Shirokov,MF,7/6/81,34,CSKA Moskva
160370,1217,16,Guilherme,GK,12/12/85,30,Lokomotiv Moskva
160385,1217,17,Oleg Shatov,MF,7/29/90,25,Zenit
160382,1217,18,Oleg Ivanov,MF,8/4/86,29,Terek
160384,1217,19,Aleksandr Samedov,MF,7/19/84,31,Lokomotiv Moskva
160387,1217,20,Dmitri Torbinski,MF,4/28/84,32,Krasnodar
160377,1217,21,Georgi Schennikov,DF,4/27/91,25,CSKA Moskva
160389,1217,22,Artem Dzyuba,FD,8/22/88,27,Zenit
160375,1217,23,Dmitri Kombarov,DF,1/22/87,29,Spartak Moskva
160393,1218,1,Jan Mucha,GK,12/5/82,33,Slovan Bratislava
160398,1218,2,Peter Pekarik,DF,10/30/86,29,Hertha
160401,1218,3,Martin Skrtel,DF,12/15/84,31,Liverpool
160395,1218,4,Jan Durica,DF,12/10/81,34,Lokomotiv Moskva
160396,1218,5,Norbert Gyomber,DF,7/3/92,23,Roma
160404,1218,6,Jan Gregus,MF,1/29/91,25,Jablonec
160411,1218,7,Vladimir Weiss,MF,11/30/89,26,Al-Gharafa
160403,1218,8,Ondrej Duda,MF,12/5/94,21,Legia
160414,1218,9,Stanislav Sestak,FD,12/16/82,33,Ferencvaros
160410,1218,10,Miroslav Stoch,MF,10/19/89,26,Bursaspor
160413,1218,11,Adam Nemec,FD,9/2/85,30,Willem II
160394,1218,12,Jan Novota,GK,11/29/83,32,Rapid Wien
160406,1218,13,Patrik HroSovsky,MF,4/22/92,24,Plzen
160400,1218,14,Milan Skriniar,DF,2/11/95,21,Sampdoria
160397,1218,15,TomasHubocan,DF,9/17/85,30,Dinamo Moskva
160399,1218,16,Kornel Salata,DF,1/24/85,31,Slovan Bratislava
160405,1218,17,Marek Hamsik,MF,7/27/87,28,Napoli
160402,1218,18,Dusan Svento,DF,8/1/85,30,Koln
160407,1218,19,Juraj Kucka,MF,2/26/87,29,Milan
160408,1218,20,Robert Mak,MF,3/8/91,25,PAOK
160412,1218,21,Michal Duris,FD,6/1/88,28,Plzen
160409,1218,22,Viktor Pecovsky,MF,5/24/83,33,zilina
160392,1218,23,MatusKozacik,GK,12/27/83,32,Plzen
160415,1219,1,Lker Casillas,GK,5/20/81,35,Porto
160418,1219,2,Cesar Azpilicueta,DF,8/28/89,26,Chelsea
160423,1219,3,Gerard Pique,DF,2/2/87,29,Barcelona
160419,1219,4,Marc Bartra,DF,1/15/91,25,Barcelona
160427,1219,5,Sergio Busquets,MF,7/16/88,27,Barcelona
160429,1219,6,Andres Iniesta,MF,5/11/84,32,Barcelona
160435,1219,7,Alvaro Morata,FD,10/23/92,23,Juventus
160430,1219,8,Koke,MF,1/8/92,24,Atletico
160434,1219,9,Lucas Vazquez,FD,7/1/91,24,Real Madrid
160428,1219,10,Cesc Fabregas,MF,5/4/87,29,Chelsea
160437,1219,11,Pedro Rodriguez,FD,7/28/87,28,Chelsea
160420,1219,12,Hector Bellerin,DF,3/19/95,21,Arsenal
160416,1219,13,David de Gea,GK,11/7/90,25,Man. United
160432,1219,14,Thiago Alcantara,MF,4/11/91,25,Bayern
160424,1219,15,Sergio Ramos,DF,3/30/86,30,Real Madrid
160422,1219,16,Juanfran,DF,1/9/85,31,Atletico
160425,1219,17,Mikel San Jose,DF,5/30/89,27,Athletic
160421,1219,18,Jordi Alba,DF,3/21/89,27,Barcelona
160426,1219,19,Bruno Soriano,MF,6/12/84,32,Villarreal
160433,1219,20,Aritz Aduriz,FD,2/11/81,35,Athletic
160431,1219,21,David Silva,MF,1/8/86,30,Man. City
160436,1219,22,Nolito,FD,10/15/86,29,Celta
160417,1219,23,Sergio Rico,GK,9/1/93,22,Sevilla
160439,1220,1,Andreas Isaksson,GK,10/3/81,34,Kasimpasa
160446,1220,2,Mikael Lustig,DF,12/13/86,29,Celtic
160444,1220,3,Erik Johansson,DF,12/30/88,27,Kobenhavn
160442,1220,4,Andreas Granqvist,DF,4/16/85,31,Krasnodar
160447,1220,5,Martin Olsson,DF,5/17/88,28,Norwich
160451,1220,6,Emil Forsberg,MF,10/23/91,24,Leipzig
160454,1220,7,Sebastian Larsson,MF,6/6/85,31,Sunderland
160449,1220,8,Albin Ekdal,MF,7/28/89,26,Hamburg
160453,1220,9,Kim Kallstrom,MF,8/24/82,33,Grasshoppers
160459,1220,10,Zlatan Ibrahimovic,FD,10/3/81,34,Paris
160457,1220,11,Marcus Berg,FD,8/17/86,29,Panathinaikos
160440,1220,12,Robin Olsen,GK,1/8/90,26,Kobenhavn
160443,1220,13,Pontus Jansson,DF,2/13/91,25,Torino
160445,1220,14,Victor Lindelof,DF,7/17/94,21,Benfica
160452,1220,15,Oscar Hiljemark,MF,6/28/92,23,Palermo
160456,1220,16,Pontus Wernbloom,MF,6/25/86,29,CSKA Moskva
160441,1220,17,Ludwig Augustinsson,DF,4/21/94,22,Kobenhavn
160455,1220,18,Oscar Lewicki,MF,7/14/92,23,Malmo
160460,1220,19,Emir Kujovic,FD,6/22/88,27,Norrkoping
160458,1220,20,John Guidetti,FD,4/15/92,24,Celta
160448,1220,21,Jimmy Durmaz,MF,3/22/89,27,Olympiacos
160450,1220,22,Erkan Zengin,MF,8/5/85,30,Trabzonspor
160438,1220,23,Patrik Carlgren,GK,1/8/92,24,AIK
160463,1221,1,Yann Sommer,GK,12/17/88,27,Monchengladbach
160467,1221,2,Stephan Lichtsteiner,DF,1/16/84,32,Juventus
160468,1221,3,Francois Moubandje,DF,6/21/90,25,Toulouse
160465,1221,4,Nico Elvedi,DF,9/30/96,19,Monchengladbach
160471,1221,5,Steve von Bergen,DF,6/10/83,33,Young Boys
160466,1221,6,Michael Lang,DF,2/8/91,25,Basel
160480,1221,7,Breel Embolo,FD,2/14/97,19,Basel
160475,1221,8,Fabian Frei,MF,1/8/89,27,Mainz
160482,1221,9,Haris Seferovic,FD,2/22/92,24,Frankfurt
160477,1221,10,Granit Xhaka,MF,9/27/92,23,Monchengladbach
160472,1221,11,Valon Behrami,MF,4/19/85,31,Watford
160462,1221,12,Marwin Hitz,GK,9/18/87,28,Augsburg
160469,1221,13,Ricardo Rodriguez,DF,8/25/92,23,Wolfsburg
160478,1221,14,Denis Zakaria,MF,11/20/96,19,Young Boys
160473,1221,15,Blerim Dzemaili,MF,4/12/86,30,Genoa
160474,1221,16,Gelson Fernandes,MF,9/2/86,29,Rennes
160483,1221,17,Shani Tarashaj,FD,2/7/95,21,Grasshoppers
160481,1221,18,Admir Mehmedi,FD,3/16/91,25,Leverkusen
160479,1221,19,Eren Derdiyok,FD,6/12/88,28,Kasimpasa
160464,1221,20,Johan Djourou,DF,1/18/87,29,Hamburg
160461,1221,21,Roman Burki,GK,11/14/90,25,Dortmund
160470,1221,22,Fabian Schar,DF,12/20/91,24,Hoffenheim
160476,1221,23,Xherdan Shaqiri,MF,10/10/91,24,Stoke
160486,1222,1,Volkan Babacan,GK,8/11/88,27,Istanbul Basaksehir
160492,1222,2,Semih Kaya,DF,2/24/91,25,Galatasaray
160490,1222,3,Hakan Balta,DF,3/23/83,33,Galatasaray
160487,1222,4,Ahmet Calik,DF,2/26/94,22,Genclerbirligi
160497,1222,5,Nuri Sahin,MF,9/5/88,27,Dortmund
160495,1222,6,Hakan Calhanoglu,MF,2/8/94,22,Leverkusen
160489,1222,7,Gokhan Gonul,DF,1/4/85,31,Fenerbahce
160501,1222,8,Selcuk Inan,MF,2/10/85,31,Galatasaray
160505,1222,9,Cenk Tosun,FD,6/7/91,25,Besiktas
160494,1222,10,Arda Turan,MF,1/30/87,29,Barcelona
160499,1222,11,Olcay Sahan,MF,5/26/87,29,Besiktas
160485,1222,12,Onur Kivrak,GK,1/1/88,28,Trabzonspor
160491,1222,13,Ismail Koybasi,DF,7/10/89,26,Besiktas
160498,1222,14,Oguzhan Ozyakup,MF,9/23/92,23,Besiktas
160496,1222,15,Mehmet Topal,MF,3/3/86,30,Fenerbahce
160500,1222,16,Ozan Tufan,MF,3/23/95,21,Fenerbahce
160504,1222,17,Burak Yilmaz,FD,7/15/85,30,Beijing Guoan
160488,1222,18,Caner Erkin,DF,10/4/88,27,Fenerbahce
160503,1222,19,Yunus Malli,MF,2/24/92,24,Mainz
160502,1222,20,Volkan Sen,MF,7/7/87,28,Fenerbahce
160506,1222,21,Emre Mor,FD,7/24/97,18,Nordsjælland
160493,1222,22,Sener Ozbayrakli,DF,1/23/90,26,Fenerbahce
160484,1222,23,Harun Tekin,GK,6/17/89,27,Bursaspor
160507,1223,1,Denys Boyko,GK,1/29/88,28,Besiktas
160510,1223,2,Bohdan Butko,DF,1/13/91,25,Amkar
160512,1223,3,Yevhen Khacheridi,DF,7/28/87,28,Dynamo Kyiv
160524,1223,4,Anatoliy Tymoshchuk,MF,3/30/79,37,Kairat
160513,1223,5,Olexandr Kucher,DF,10/22/82,33,Shakhtar Donetsk
160522,1223,6,Taras Stepanenko,MF,8/8/89,26,Shakhtar Donetsk
160525,1223,7,Andriy Yarmolenko,MF,10/23/89,26,Dynamo Kyiv
160529,1223,8,Roman Zozulya,FD,11/17/89,26,Dnipro
160519,1223,9,Viktor Kovalenko,MF,2/14/96,20,Shakhtar Donetsk
160518,1223,10,Yevhen Konoplyanka,MF,9/29/89,26,Sevilla
160528,1223,11,Yevhen Seleznyov,FD,7/20/85,30,Shakhtar Donetsk
160508,1223,12,Andriy Pyatov,GK,6/28/84,31,Shakhtar Donetsk
160515,1223,13,Vyacheslav Shevchuk,DF,5/13/79,37,Shakhtar Donetsk
160520,1223,14,Ruslan Rotan,MF,10/29/81,34,Dnipro
160527,1223,15,Pylyp Budkivskiy,FD,3/10/92,24,Zorya
160523,1223,16,Serhiy Sydorchuk,MF,5/2/91,25,Dynamo Kyiv
160511,1223,17,Artem Fedetskiy,DF,4/26/85,31,Dnipro
160521,1223,18,Serhiy Rybalka,MF,4/1/90,26,Dynamo Kyiv
160516,1223,19,Denys Garmash,MF,4/19/90,26,Dynamo Kyiv
160514,1223,20,Yaroslav Rakitskiy,DF,8/3/89,26,Shakhtar Donetsk
160526,1223,21,Olexandr Zinchenko,MF,12/15/96,19,Ufa
160517,1223,22,Olexandr Karavaev,MF,6/2/92,24,Zorya
160509,1223,23,Mykyta Shevchenko,GK,1/26/93,23,Zorya
160531,1224,1,Wayne Hennessey,GK,1/24/87,29,Crystal Palace
160536,1224,2,Chris Gunter,DF,7/21/89,26,Reading
160538,1224,3,Neil Taylor,DF,2/7/89,27,Swansea
160535,1224,4,Ben Davies,DF,4/24/93,23,Tottenham
160533,1224,5,James Chester,DF,1/23/89,27,West Brom
160539,1224,6,Ashley Williams,DF,8/23/84,31,Swansea
160540,1224,7,Joe Allen,MF,3/14/90,26,Liverpool
160542,1224,8,Andy King,MF,10/29/88,27,Leicester
160550,1224,9,Hal Robson-Kanu,FD,5/21/89,27,Reading
160544,1224,10,Aaron Ramsey,MF,12/26/90,25,Arsenal
160547,1224,11,Gareth Bale,FD,7/16/89,26,Real Madrid
160530,1224,12,Owain Fon Williams,GK,3/17/87,29,Inverness
160552,1224,13,George Williams,FD,9/7/95,20,Fulham
160541,1224,14,David Edwards,MF,2/3/86,30,Wolves
160537,1224,15,Jazz Richards,DF,4/12/91,25,Fulham
160543,1224,16,Joe Ledley,MF,1/23/87,29,Crystal Palace
160549,1224,17,David Cotterill,FD,12/4/87,28,Birmingham
160551,1224,18,Sam Vokes,FD,10/21/89,26,Burnley
160534,1224,19,James Collins,DF,8/23/83,32,West Ham
160546,1224,20,Jonathan Williams,MF,10/9/93,22,Crystal Palace
160532,1224,21,Danny Ward,GK,6/22/93,22,Liverpool
160545,1224,22,David Vaughan,MF,2/18/83,33,Nottm Forest
160548,1224,23,Simon Church,FD,12/10/88,27,MK Dons